spacer,structure_dot_bracket,mfe
AGCCAGGCUGCAUGGCUGAA,.....((..((.(((((...(((((((.((((....))))...)))))))..))))))))).......((((....))))(((((((...)))))))...,-25.1
CUCUGGCUGCUGAUCCCCGA,.(((((((.((((..........))))))))))).....((((((...((((.(......).)))).)))))).......(((((((...)))))))...,-27.2
UAGGAAAGGGCUGAUAAAAU,.......((((((......((((((((.((((....))))...))))))))....)))))).......((((....))))(((((((...)))))))...,-24.9
GCAGUAAGUAUGCAGUAUCC,(((.......)))(((....(((((((.((((....))))...)))))))...)))............((((....))))(((((((...)))))))...,-21.2
CCUUCAUCCUCGGGAGCCUC,..........(((((((((.(((((((.((((....))))...))))))).)))))..))))......((((....))))(((((((...)))))))...,-30.3
UUCAAGGGCAGAUUUGAGCA,(((((((((.((((..(((.(((((((.((((....))))...)))))))...))))))).))).....)))))).....(((((((...)))))))...,-25.3
AGGUAGAGCAAUCAGUACCU,.(((((.(..((.(((...((((((((.((((....))))...))))))))..))).)).).))))).((((....))))(((((((...)))))))...,-22.3
GGAAAGUCAAAAGCGGGGCC,...........((((((((((((((((.((((....))))...)))))))..))))...)))))....((((....))))(((((((...)))))))...,-28.3
UGGAACACCUGGCCCAGCUG,.(((....((((((......(((((((.((((....))))...)))))))..))))))))).......((((....))))(((((((...)))))))...,-27.6
UCUGUAAGAAAGUGUGCAUG,...............((...(((((((.((((....))))...)))))))...)).............((((....))))(((((((...)))))))...,-20.7
CCCCAAGAUGCAAAUGGAAC,...((((.((..((((((..((((((..((((....)))).........))))))...))))))..)).)))).......(((((((...)))))))...,-24.7
UGCUUUUGGGAUCCAGCACU,........((((..(((..((((((((.((((....))))...))))))))..))).)))).......((((....))))(((((((...)))))))...,-27.8
CAUCCUCUGACACAUGGCUC,.......((((...(((((.(((((((.((((....))))...)))))))..)))))....))))...((((....))))(((((((...)))))))...,-24.5
UUUCUGCCCCACACAGGGAG,...((.(((......)))))(((((((.((((....))))...)))))))..................((((....))))(((((((...)))))))...,-22.2
AAUAGUGCUAAAAGCUAAGA,..((((.((((((........)))))).)))).......((((((...((((.(......).)))).)))))).......(((((((...)))))))...,-22.8
CACCACGCCCAGCUAAUUUU,...........((((.(((((((((((.((((....))))...))))))))))).)))).........((((....))))(((((((...)))))))...,-24.4
UUUUGUAGGCAAUGUCUUUA,.......((....(((((..(((((((.((((....))))...))))))))))))....)).......((((....))))(((((((...)))))))...,-23.4
AGAGACAACAUACUAGAAAG,...((.(((..(((((....(((((((.((((....))))...)))))))....)))))..))).)).((((....))))(((((((...)))))))...,-26.5
CAAACAAAAAAAAAACGGGU,.............((((((((((((((.((((....))))...)))))))).......))))))....((((....))))(((((((...)))))))...,-23.4
ACACAUCAGCAUCACUGUUG,.((((((((((....)))))))......((((....))))(((((...((((.(......).)))).)))))......)))((((((...))))))....,-22.3
ACAUUCUACACCACACAACU,..................(((((((.......)))))))((((((...((((.(......).)))).)))))).......(((((((...)))))))...,-19.1
UGUAACACAAAGUUCUCCCC,..........((((((.........))))))........((((((...((((.(......).)))).)))))).......(((((((...)))))))...,-19.7
AACGGAUGCUGGUGAAGCUG,(((((..((((((....((.(((((((.((((....))))...))))))).)))))))))))))....((((....))))(((((((...)))))))...,-29.2
CUGUGGAGAUCUCGGUGUCU,.......(((..(((.(((((((((((.((((....))))...)))))))).)))....)))..))).((((....))))(((((((...)))))))...,-26.6
GAUGCAGAUGGCAGCUGUGG,(((...((((((((((....(((((((.((((....))))...)))))))..)))).).)))))))).((((....))))(((((((...)))))))...,-28.3
UCAGGGCUGCAGGGCCGGUC,(((((......((((.(((((((((((.((((....))))...)))))))..)))).))))........)))))......(((((((...)))))))...,-29.8
UGUGGAGAGAGUGGGGCCAG,......((...(((((((..(((((((.((((....))))...)))))))..))))...)))...)).((((....))))(((((((...)))))))...,-26.2
CAUCUCCCUUUCAAGCAUGA,..(((..((((.((((....)))).))))..))).....((((((...((((.(......).)))).)))))).......(((((((...)))))))...,-21.1
GGAGGACGAGGACAUUUUUC,.((.(((..((((...(((.(((((((.((((....))))...))))))).)))...))))))).)).((((....))))(((((((...)))))))...,-24.2
GGUGGCAUCUUGAAAAAAAA,..((((.((.(((((......))))))))))).......((((((...((((.(......).)))).)))))).......(((((((...)))))))...,-20.7
GAAGUGAAGAUCUCAUCUAU,...((((.(..((..(((.((((((((.((((....))))...)))))))))))..))..).))))..((((....))))(((((((...)))))))...,-20.7
AGGAGAAUCGCUUGAACCCG,...(((((((........)))))))...((((....))))(((((...((((.(......).)))).)))))........(((((((...)))))))...,-20.6
CUAAGCAUGUCUCUCUCCAC,(((((.((((........))))))))).((((....))))(((((...((((.(......).)))).)))))........(((((((...)))))))...,-19.8
ACAUGUACACACGACUCACA,.......(((.((((((...(((((((.((((....))))...)))))))...((((.(...(((......)))...).))))...))))))))).....,-21.3
UGGAAGGAGAAAUGGCCAGA,(((((.(.((..(((((...(((((((.((((....))))...)))))))..))))).))).)).)))((((....))))(((((((...)))))))...,-26.7
UUUAAACCAGAGGAUCAACC,...........((((...(((((((((.((((....))))...)))))))..))...)))).......((((....))))(((((((...)))))))...,-23
UCUUUACAGACCUAUAAUUC,.....((.((.(((...((.(((((((.((((....))))...))))))).))..))))).)).....((((....))))(((((((...)))))))...,-18.9
UUAGGACUUCGGUCCAGUCA,....((...(((.(.((((.(((((((.((((....))))...)))))))..)))).).)))...)).((((....))))(((((((...)))))))...,-27.1
CCAGGCCCUAGGCGAGGAAU,((..(((...)))..))..((((((((.((((....))))...)))))))).................((((....))))(((((((...)))))))...,-24.5
ACCAGCCCUGCCCACACCUU,................(((((((((((.((((....))))...)))))))))))..............((((....))))(((((((...)))))))...,-25.6
UUCUAAGGACUGACUGAAGG,......((((((.((.....(((((((.((((....))))...)))))))..)).)))))).......((((....))))(((((((...)))))))...,-27
GUUGUCUCAAAAGCACUCCU,...........(((.((..((((((((.((((....))))...)))))))))))))............((((....))))(((((((...)))))))...,-22
CUACAGAUUUUACCAUCAAA,(((.(((((((......)))))))))).((((....))))(((((...((((.(......).)))).)))))........(((((((...)))))))...,-18.9
CUCUGCCACGUGGACCCGCC,...........((((..((((((((((.((((....))))...)))))))..)))..)))).......((((....))))(((((((...)))))))...,-28.8
UGCACCAUUAUUACCAGUUA,............((.((((.(((((((.((((....))))...)))))))..)))).)).........((((....))))(((((((...)))))))...,-19.6
UUACUUGAGAAAUUGUGUGU,........((....((.(.((((((((.((((....))))...))))))))).))...))........((((....))))(((((((...)))))))...,-19.9
UAUUAAAGGCGAUUUUGGCA,.......((((...(((((.(((((((.((((....))))...)))))))...)))))..))))....((((....))))(((((((...)))))))...,-24.2
GCAUGGAUAUGCCUAAGUCC,..((((((..((((......(((((((.((((....))))...))))))).))))..)))))).....((((....))))(((((((...)))))))...,-28.1
ACAGAGUGUGACUCCAUCUC,...((....((((...(((.(((((((.((((....))))...))))))).)))..)))).....)).((((....))))(((((((...)))))))...,-22.8
CCAGACGCCUGCCCAGGCUC,...((((...((..((.((.(((((((.((((....))))...))))))).)).)).)).))))....((((....))))(((((((...)))))))...,-24.7
CCUCAAAGUCCUGAGUUCAA,.((((......))))((((((((....(((..((..((((.............)))).)).)))...)))))))).....(((((((...)))))))...,-23.3
CAAGCCUGUAAUCCCAGCAC,((((...(((((.(.(((..(((((((.((((....))))...)))))))...))).)...)))))...)))).......(((((((...)))))))...,-22.5
AGAUCACAAUGCAAAGAGAA,...............((..(((((((..((((....)))).........)))))))..))........((((....))))(((((((...)))))))...,-19.2
GGGUCUUACUCUGUUGCCCA,((((...))))....(((..(((((((.((((....))))...)))))))..))).............((((....))))(((((((...)))))))...,-24.6
CAAAUUCUGAGAGUCCAUCU,...........((.((...((((((((.((((....))))...)))))))).))))............((((....))))(((((((...)))))))...,-20.8
GUCUAACAAGACACGUGGCC,((((....))))(((((((((((((((.((((....))))...)))))))..)))))...))).....((((....))))(((((((...)))))))...,-28
ACCCCUGGGACCCCCUUUAC,.......((((..((((...(((((((.((((....))))...)))))))))))...)))).......((((....))))(((((((...)))))))...,-26.2
GCCUAGUGGUGGCUGCGAAA,(((....)))((((((....(((((((.((((....))))...)))))))...)).))))........((((....))))(((((((...)))))))...,-25.9
AUCUGUUUCAUCUGGAAAUC,..(((((((.(((((((....)))))))....)))))))((((((...((((.(......).)))).)))))).......(((((((...)))))))...,-23.5
CUUCAUCUUUGCAGUCUGUC,..........(((((((...(((((((.((((....))))...))))))).))))).)).........((((....))))(((((((...)))))))...,-22.5
UUUCCUGUGUUGUUCCUGAU,..............(((..((((((((.((((....))))...)))))))))))..............((((....))))(((((((...)))))))...,-20.3
GGCCGCUGUAGUCCAUCUGC,((((...((((.....))))(((((((.((((....))))...)))))))..))))............((((....))))(((((((...)))))))...,-24.3
AGUGAGCUGAGAUAAUGCCA,..........(((((((((.(((((((.((((....))))...)))))))..)))......)))))).((((....))))(((((((...)))))))...,-24.6
CAAUUCCUAAGUCAUUUUGU,......(((((.(((...))).))))).((((....))))(((((...((((.(......).)))).)))))........(((((((...)))))))...,-19.2
AGAUGGGUGAUGGAAUAAAC,.....(((((((((.((..((((((((.((((....))))...)))))))..)..)).))))))))).((((....))))(((((((...)))))))...,-28.4
GAAAUGUGGACUGACCACAG,.......((((((.((....(((((((.((((....))))...)))))))..)).)))))).......((((....))))(((((((...)))))))...,-28.7
GUGACUUUAAGGGAUUAGAC,.(((...(((.(((((((..(((((((.((((....))))...)))))))....))))))).))))))((((....))))(((((((...)))))))...,-29.4
GACAAGGUCCUAGGACUGUG,..((((......(((((((.(((((((.((((....))))...)))))))...)).)))))........)))).......(((((((...)))))))...,-26.7
UAGAAGAAAACCUAGGCAAU,.....((.(((((((.(..((((((((.((((....))))...)))))))).).))))...))).)).((((....))))(((((((...)))))))...,-24.9
UGAGAUCUUUGAGCCUUUUC,(((........((((((...(((((((.((((....))))...))))))))))))).........)))((((....))))(((((((...)))))))...,-26.3
UUCAAUGGACUUUGCAAAAG,...((((((((..((.....(((((((.((((....))))...)))))))...)).))))))))....((((....))))(((((((...)))))))...,-29.8
GUUUGUGUUAUACUAAAACC,(((.(((....((((...(((((((((.((((....))))...)))))))..)).))))....))).)))..........(((((((...)))))))...,-19.8
UCACUCGUCACCUGUUCUGU,.((((......((((((((.....)))))).))......((((((...((((.(......).)))).))))))....))))((((((...))))))....,-22.1
ACCUGCCUCAAUCUCCCAAA,((..((((............(((((((.((((....))))...))))))).))))..)).........((((....))))(((((((...)))))))...,-20.3
CUCUGUUCCAGCAUUUCUUA,............(((((.(((((....))))))))))..((((((...((((.(......).)))).)))))).......(((((((...)))))))...,-20.9
UUUGGCCAGAAUUCACAUAU,.((((((............((((((((.((((....))))...)))))))).))))))..........((((....))))(((((((...)))))))...,-22.2
AGCUUUUUUUUCUUUUCCAG,((((((....(((.....)))....))))))........((((((...((((.(......).)))).)))))).......(((((((...)))))))...,-21.1
AUUAGACCAAUGAUUCACAA,.........(((((..((.(((((((..((((....)))).........))))))).))..)))))..((((....))))(((((((...)))))))...,-20
ACUUGAGAGUCAAGUAUGAG,((((.....((((((.((((((((((..((((....)))).........))))))).........)))))))))..))))(((((((...)))))))...,-22.5
UUUCCUCAAGACACUUGUGC,((((((((((((.(....).))))).)))...))))...((((((...((((.(......).)))).)))))).......(((((((...)))))))...,-21.7
CUCUGUUGAAGAGAUCUAAC,((((.....)))).(((((....)))))((((....))))(((((...((((.(......).)))).)))))........(((((((...)))))))...,-21.8
UAACAACUCAGUGCAUCCUU,((((.(((.((.....(((((((((((.((((....))))...))))))))))))))))..))))...((((....))))(((((((...)))))))...,-25.9
AUUUUAAAGCAUGGGUUAUC,..........(((((((((((((((((.((((....))))...)))))))..)).)))))))).....((((....))))(((((((...)))))))...,-21.3
AGGCUGUUCUUCACAGAAAA,.(((((.((((.........(((((((.((((....))))...))))))))))).)))))........((((....))))(((((((...)))))))...,-22.1
AGCAGGUCCAGUUCUUCUUG,(((.((.(.((.((((....(((((((.((((....))))...))))))))))))).).)))))....((((....))))(((((((...)))))))...,-22.5
GCUACCAUGCCCAGCUAAUU,((......))..((((..(((((((((.((((....))))...)))))))))))))............((((....))))(((((((...)))))))...,-24.1
CUCACUCUGACACCCAGAGU,..(((((((.....))))))).......((((....))))(((((...((((.(......).)))).)))))........(((((((...)))))))...,-26.2
GGAUGGGCAUCAGGUACACG,.(((((((....(((.....(((((((.((((....))))...)))))))...))).)))))))....((((....))))(((((((...)))))))...,-26
CCUCCCGGUUUCUGCAAAGU,.....(((.....((....((((((((.((((....))))...))))))))..))....)))......((((....))))(((((((...)))))))...,-24.2
UUAGUAGACAUGGAGUUUCU,......((.(((((.(.((((((((((.((((....))))...)))))))).))..).)))))..)).((((....))))(((((((...)))))))...,-24.4
AGGGGAUGUCCAAGAAACCC,((.((((..........((.(((((((.((((....))))...)))))))..))...)))).))....((((....))))(((((((...)))))))...,-21.3
CUGUCCCUUUCCAGCUCAGG,.......((((.(((((.........))))).))))...((((((...((((.(......).)))).)))))).......(((((((...)))))))...,-24.3
CAUUUAGGUUGGUAAUGAUU,..((((((((((((((((((((((((..((((....)))).........)))))).)))).)))))))))))))).....(((((((...)))))))...,-31.2
AAGAGUUUUCAUGUUUGCAA,.........(((.((..((((((....(((..((..((((.............)))).)).)))...))))))..)).)))((((((...))))))....,-19.6
UCUUAGGUAGGCGAACUGAG,.....((((.(((.((((..(((((((.((((....))))...))))))).....)))).))))))).((((....))))(((((((...)))))))...,-24.2
ACCUUGCGUAAGGGCACACU,....((.((((((((.(..((((((((.((((....))))...))))))))..)...)))).))))))((((....))))(((((((...)))))))...,-24.5
UCAGGAUAUCUGGUAGUCUU,....((((..(((((((((((((((((.((((....))))...))))))))))))))..))).)))).((((....))))(((((((...)))))))...,-33.2
CCGCCACCAUGCCUGGCUAA,............((((((..(((((((.((((....))))...)))))))..))))))..........((((....))))(((((((...)))))))...,-26.8
UCGCAUCCUGGUUUGGUAAG,........(((.(((((...(((((((.((((....))))...)))))))...))))).)))......((((....))))(((((((...)))))))...,-25.1
CCAGCACUUUGGGAGGCCAA,..........(((.((((..(((((((.((((....))))...)))))))..))))..))).......((((....))))(((((((...)))))))...,-28.6
CUCUCAAGAGGCAUCUCCAG,.........(((....((..(((((((.((((....))))...)))))))..))...)))........((((....))))(((((((...)))))))...,-20.5